<?xml version="1.0" encoding="UTF-8"?>
<gc:ClusterSet xmlns:gc="http://www.cos.ufrj.br/~grand/2005/06/grand-clusters" xmlns:xsi="http://www.w3.org/2001/XMLSchema-instance" xsi:schemaLocation="http://www.cos.ufrj.br/~grand/2005/06/grand-clusters http://www.cos.ufrj.br/~grand/2005/06/grand-clusters/grand-clusters.xsd">
	<gc:ClusterDefinition clusterID="">
		<gc:JobID>0</gc:JobID>
		<gc:JobID>1</gc:JobID>
		<gc:JobID>2</gc:JobID>
		<gc:JobID>3</gc:JobID>
		<gc:JobID>4</gc:JobID>
		<gc:JobID>5</gc:JobID>
		<gc:JobID>6</gc:JobID>
		<gc:JobID>7</gc:JobID>
		<gc:JobID>8</gc:JobID>
		<gc:JobID>9</gc:JobID>
	</gc:ClusterDefinition>
</gc:ClusterSet>
