<?xml version="1.0" encoding="UTF-8"?>
<jsdl:JobDefinition xmlns:jsdl-posix="http://schemas.ggf.org/jsdl/2005/04/jsdl-posix" xmlns:jsdl="http://schemas.ggf.org/jsdl/2005/04/jsdl" xmlns:xsi="http://www.w3.org/2001/XMLSchema-instance" xmlns:jsdl-grand="http://www.cos.ufrj.br/~grand/2005/06/jsdl-grand" xsi:schemaLocation="http://schemas.ggf.org/jsdl/2005/04/jsdl http://schemas.ggf.org/jsdl/2005/04/jsdl/jsdl.xsd http://schemas.ggf.org/jsdl/2005/04/jsdl-posix http://schemas.ggf.org/jsdl/2005/04/jsdl-posix/jsdl-posix.xsd http://www.cos.ufrj.br/~grand/2005/06/jsdl-grand http://www.cos.ufrj.br/~grand/2005/06/jsdl-grand/jsdl-grand.xsd">
	<jsdl:JobDescription>
		<jsdl:JobIdentification>
			<jsdl:JobName>0</jsdl:JobName>
			<jsdl-grand:JobUID>task0</jsdl-grand:JobUID>
			<jsdl-grand:JobWeight>1.0</jsdl-grand:JobWeight>
		</jsdl:JobIdentification>
		<jsdl:Application>
			<jsdl:ApplicationName>cat</jsdl:ApplicationName>
			<jsdl-posix:POSIXApplication>
				<jsdl-posix:Executable>cat file.in > t.out.0</jsdl-posix:Executable>
				<jsdl-posix:Argument></jsdl-posix:Argument>
				<jsdl-posix:Input>/home/aluno/file.in</jsdl-posix:Input>
				<jsdl-posix:Output>t.out.0</jsdl-posix:Output>
			</jsdl-posix:POSIXApplication>
		</jsdl:Application>
	</jsdl:JobDescription>
	<jsdl:JobDescription>
		<jsdl:JobIdentification>
			<jsdl:JobName>1</jsdl:JobName>
			<jsdl-grand:JobUID>task1</jsdl-grand:JobUID>
			<jsdl-grand:JobWeight>1.0</jsdl-grand:JobWeight>
		</jsdl:JobIdentification>
		<jsdl:Application>
			<jsdl:ApplicationName>cat</jsdl:ApplicationName>
			<jsdl-posix:POSIXApplication>
				<jsdl-posix:Executable>cat file.in > t.out.1</jsdl-posix:Executable>
				<jsdl-posix:Argument></jsdl-posix:Argument>
				<jsdl-posix:Input>/home/aluno/file.in</jsdl-posix:Input>
				<jsdl-posix:Output>t.out.1</jsdl-posix:Output>
			</jsdl-posix:POSIXApplication>
		</jsdl:Application>
	</jsdl:JobDescription>
	<jsdl:JobDescription>
		<jsdl:JobIdentification>
			<jsdl:JobName>2</jsdl:JobName>
			<jsdl-grand:JobUID>task2</jsdl-grand:JobUID>
			<jsdl-grand:JobWeight>1.0</jsdl-grand:JobWeight>
		</jsdl:JobIdentification>
		<jsdl:Application>
			<jsdl:ApplicationName>cat</jsdl:ApplicationName>
			<jsdl-posix:POSIXApplication>
				<jsdl-posix:Executable>cat file.in > t.out.2</jsdl-posix:Executable>
				<jsdl-posix:Argument></jsdl-posix:Argument>
				<jsdl-posix:Input>/home/aluno/file.in</jsdl-posix:Input>
				<jsdl-posix:Output>t.out.2</jsdl-posix:Output>
			</jsdl-posix:POSIXApplication>
		</jsdl:Application>
	</jsdl:JobDescription>
	<jsdl:JobDescription>
		<jsdl:JobIdentification>
			<jsdl:JobName>3</jsdl:JobName>
			<jsdl-grand:JobUID>task3</jsdl-grand:JobUID>
			<jsdl-grand:JobWeight>1.0</jsdl-grand:JobWeight>
		</jsdl:JobIdentification>
		<jsdl:Application>
			<jsdl:ApplicationName>cat</jsdl:ApplicationName>
			<jsdl-posix:POSIXApplication>
				<jsdl-posix:Executable>cat file.in > t.out.3</jsdl-posix:Executable>
				<jsdl-posix:Argument></jsdl-posix:Argument>
				<jsdl-posix:Input>/home/aluno/file.in</jsdl-posix:Input>
				<jsdl-posix:Output>t.out.3</jsdl-posix:Output>
			</jsdl-posix:POSIXApplication>
		</jsdl:Application>
	</jsdl:JobDescription>
	<jsdl:JobDescription>
		<jsdl:JobIdentification>
			<jsdl:JobName>4</jsdl:JobName>
			<jsdl-grand:JobUID>task4</jsdl-grand:JobUID>
			<jsdl-grand:JobWeight>1.0</jsdl-grand:JobWeight>
		</jsdl:JobIdentification>
		<jsdl:Application>
			<jsdl:ApplicationName>cat</jsdl:ApplicationName>
			<jsdl-posix:POSIXApplication>
				<jsdl-posix:Executable>cat file.in > t.out.4</jsdl-posix:Executable>
				<jsdl-posix:Argument></jsdl-posix:Argument>
				<jsdl-posix:Input>/home/aluno/file.in</jsdl-posix:Input>
				<jsdl-posix:Output>t.out.4</jsdl-posix:Output>
			</jsdl-posix:POSIXApplication>
		</jsdl:Application>
	</jsdl:JobDescription>
	<jsdl:JobDescription>
		<jsdl:JobIdentification>
			<jsdl:JobName>5</jsdl:JobName>
			<jsdl-grand:JobUID>task5</jsdl-grand:JobUID>
			<jsdl-grand:JobWeight>1.0</jsdl-grand:JobWeight>
		</jsdl:JobIdentification>
		<jsdl:Application>
			<jsdl:ApplicationName>cat</jsdl:ApplicationName>
			<jsdl-posix:POSIXApplication>
				<jsdl-posix:Executable>cat file.in > t.out.5</jsdl-posix:Executable>
				<jsdl-posix:Argument></jsdl-posix:Argument>
				<jsdl-posix:Input>/home/aluno/file.in</jsdl-posix:Input>
				<jsdl-posix:Output>t.out.5</jsdl-posix:Output>
			</jsdl-posix:POSIXApplication>
		</jsdl:Application>
	</jsdl:JobDescription>
	<jsdl:JobDescription>
		<jsdl:JobIdentification>
			<jsdl:JobName>6</jsdl:JobName>
			<jsdl-grand:JobUID>task6</jsdl-grand:JobUID>
			<jsdl-grand:JobWeight>1.0</jsdl-grand:JobWeight>
		</jsdl:JobIdentification>
		<jsdl:Application>
			<jsdl:ApplicationName>cat</jsdl:ApplicationName>
			<jsdl-posix:POSIXApplication>
				<jsdl-posix:Executable>cat file.in > t.out.6</jsdl-posix:Executable>
				<jsdl-posix:Argument></jsdl-posix:Argument>
				<jsdl-posix:Input>/home/aluno/file.in</jsdl-posix:Input>
				<jsdl-posix:Output>t.out.6</jsdl-posix:Output>
			</jsdl-posix:POSIXApplication>
		</jsdl:Application>
	</jsdl:JobDescription>
	<jsdl:JobDescription>
		<jsdl:JobIdentification>
			<jsdl:JobName>7</jsdl:JobName>
			<jsdl-grand:JobUID>task7</jsdl-grand:JobUID>
			<jsdl-grand:JobWeight>1.0</jsdl-grand:JobWeight>
		</jsdl:JobIdentification>
		<jsdl:Application>
			<jsdl:ApplicationName>cat</jsdl:ApplicationName>
			<jsdl-posix:POSIXApplication>
				<jsdl-posix:Executable>cat file.in > t.out.7</jsdl-posix:Executable>
				<jsdl-posix:Argument></jsdl-posix:Argument>
				<jsdl-posix:Input>/home/aluno/file.in</jsdl-posix:Input>
				<jsdl-posix:Output>t.out.7</jsdl-posix:Output>
			</jsdl-posix:POSIXApplication>
		</jsdl:Application>
	</jsdl:JobDescription>
	<jsdl:JobDescription>
		<jsdl:JobIdentification>
			<jsdl:JobName>8</jsdl:JobName>
			<jsdl-grand:JobUID>task8</jsdl-grand:JobUID>
			<jsdl-grand:JobWeight>1.0</jsdl-grand:JobWeight>
		</jsdl:JobIdentification>
		<jsdl:Application>
			<jsdl:ApplicationName>cat</jsdl:ApplicationName>
			<jsdl-posix:POSIXApplication>
				<jsdl-posix:Executable>cat file.in > t.out.8</jsdl-posix:Executable>
				<jsdl-posix:Argument></jsdl-posix:Argument>
				<jsdl-posix:Input>/home/aluno/file.in</jsdl-posix:Input>
				<jsdl-posix:Output>t.out.8</jsdl-posix:Output>
			</jsdl-posix:POSIXApplication>
		</jsdl:Application>
	</jsdl:JobDescription>
	<jsdl:JobDescription>
		<jsdl:JobIdentification>
			<jsdl:JobName>9</jsdl:JobName>
			<jsdl-grand:JobUID>task9</jsdl-grand:JobUID>
			<jsdl-grand:JobWeight>1.0</jsdl-grand:JobWeight>
		</jsdl:JobIdentification>
		<jsdl:Application>
			<jsdl:ApplicationName>cat</jsdl:ApplicationName>
			<jsdl-posix:POSIXApplication>
				<jsdl-posix:Executable>cat file.in > t.out.9</jsdl-posix:Executable>
				<jsdl-posix:Argument></jsdl-posix:Argument>
				<jsdl-posix:Input>/home/aluno/file.in</jsdl-posix:Input>
				<jsdl-posix:Output>t.out.9</jsdl-posix:Output>
			</jsdl-posix:POSIXApplication>
		</jsdl:Application>
	</jsdl:JobDescription>
</jsdl:JobDefinition>
